<?xml version="1.0" encoding="UTF-8"?>
<project-private xmlns="http://www.netbeans.org/ns/project-private/1">
    <editor-bookmarks xmlns="http://www.netbeans.org/ns/editor-bookmarks/2" lastBookmarkId="0"/>
    <open-files xmlns="http://www.netbeans.org/ns/projectui-open-files/2">
        <group>
            <file>file:/C:/Users/Simbongile.mbombo/Documents/NetBeansProjects/ATM/src/atm/ATM.java</file>
            <file>file:/C:/Users/Simbongile.mbombo/Documents/NetBeansProjects/ATM/src/atm/Transaction.java</file>
            <file>file:/C:/Users/Simbongile.mbombo/Documents/NetBeansProjects/ATM/src/atm/Bank.java</file>
            <file>file:/C:/Users/Simbongile.mbombo/Documents/NetBeansProjects/ATM/src/atm/AccHolder.java</file>
            <file>file:/C:/Users/Simbongile.mbombo/Documents/NetBeansProjects/ATM/src/atm/Account.java</file>
        </group>
    </open-files>
</project-private>
